{
  "name": "pistol",
  "type": "pistol",
  "image": "assets\\images\\Singleton\\Colt Python.png",
  "scale": 1,
  "attachments": [
    {
      "x": -0.9973315803936121,
      "y": -0.7033233211231763,
      "type": "muzzle",
      "parent": true,
      "rotation": 0,
      "scale": 1,
      "elipson": 25
    },
    {
      "x": 0.12545788141545744,
      "y": -0.9043540017814877,
      "type": "sight",
      "parent": true,
      "rotation": 0,
      "scale": 1,
      "elipson": 25
    },
    {
      "x": -0.6981236002578531,
      "y": -0.4308658914347101,
      "type": "attachment",
      "parent": true,
      "rotation": 0,
      "scale": 1,
      "elipson": 25
    }
  ]
}
