{
  "name": "P210 target",
  "type": "receiver",
  "image": "assets\\images\\Singleton\\P210 Target.png",
  "scale": 1,
  "attachments": [
    {
      "x": -0.9961716456968778,
      "y": -0.7912437868353542,
      "type": "muzzle",
      "parent": true,
      "rotation": 0,
      "scale": 1,
      "elipson": 25
    },
    {
      "x": -0.7008720556159377,
      "y": -0.4306850731397317,
      "type": "attachment",
      "parent": true,
      "rotation": 0,
      "scale": 1,
      "elipson": 25
    },
    {
      "x": 0.7082802939721042,
      "y": -0.504201550971984,
      "type": "stock",
      "parent": true,
      "rotation": 0,
      "scale": 1,
      "elipson": 25
    },
    {
      "x": 0.5537670551262641,
      "y": -0.9322124677523318,
      "type": "sight",
      "parent": true,
      "rotation": 0,
      "scale": 1,
      "elipson": 25
    }
  ]
}
