{
  "name": "P210 target",
  "type": "receiver",
  "image": "assets\\images\\Singleton\\P210 Target.png",
  "scale": 1,
  "attachments": [
    {
      "x": -0.9931292610689807,
      "y": -0.7906510535121241,
      "type": "muzzle",
      "parent": true,
      "rotation": 0,
      "scale": 1,
      "elipson": 25
    },
    {
      "x": -0.7008720556159377,
      "y": -0.4306850731397317,
      "type": "attachment",
      "parent": true,
      "rotation": 0,
      "scale": 1,
      "elipson": 25
    },
    {
      "x": 0.7006051825782307,
      "y": -0.5308734051021664,
      "type": "stock",
      "parent": true,
      "rotation": 0,
      "scale": 1,
      "elipson": 25
    },
    {
      "x": 0.5537670551262641,
      "y": -0.9322124677523318,
      "type": "sight",
      "parent": true,
      "rotation": 0,
      "scale": 1,
      "elipson": 25
    }
  ]
}
