{
  "name": "Receiver",
  "type": "receiver",
  "image": "assets\\images\\MP5\\receiver.png",
  "scale": 0.69,
  "basegun": "MP5",
  "attachments": [
    {
      "x": -0.6879518072289157,
      "y": -0.8263565891472868,
      "type": "barrel",
      "parent": true,
      "rotation": 0,
      "scale": 1,
      "elipson": 120
    },
    {
      "x": 0.850181251067966,
      "y": -0.549195038635286,
      "type": "stock",
      "parent": true,
      "rotation": 0,
      "scale": 1,
      "elipson": 120
    },
    {
      "x": 0.45062291647176256,
      "y": -0.8193466684828481,
      "type": "sight",
      "parent": true,
      "rotation": 0,
      "scale": 1,
      "elipson": 120
    }
  ]
}
