{
  "name": "Receiver",
  "type": "receiver",
  "image": "assets\\images\\FGC-9\\receiver.png",
  "scale": 0.9,
  "basegun": "FGC-9",
  "attachments": [
    {
      "x": -0.9610828766346856,
      "y": -0.8025116723274587,
      "type": "barrel",
      "parent": true,
      "rotation": 0,
      "scale": 1,
      "elipson": 120
    },
    {
      "x": 0.9595925161394723,
      "y": -0.5724025730024322,
      "type": "stock",
      "parent": true,
      "rotation": 0,
      "scale": 1,
      "elipson": 120
    },
    {
      "x": 0.7110530481234361,
      "y": -0.9558875610161943,
      "type": "sight",
      "parent": true,
      "rotation": 0,
      "scale": 1,
      "elipson": 120
    }
  ]
}
